{"content":[{"id":"2ca6f533","settings":{"background_image":{"url":"https:\/\/cigarrozero.online\/wp-content\/uploads\/2022\/03\/pexels-\u0430\u043b\u0435\u043a\u043a\u0435-\u0431\u043b\u0430\u0436\u0438\u043d-8344333-scaled.jpg","id":188,"alt":"","source":"library"},"background_position":"center center","background_size_mobile":"cover","background_color":"#FFFFFF"},"elements":[{"id":"b5e3f3","settings":{"_column_size":100,"_inline_size":null},"elements":[{"id":"55f1b2c9","settings":{"space":{"unit":"px","size":306,"sizes":[]},"space_mobile":{"unit":"px","size":110,"sizes":[]}},"elements":[],"isInner":false,"widgetType":"spacer","elType":"widget"},{"id":"79352ea","settings":{"background_background":"classic","background_color":"#000000","border_border":"solid","border_color":"#FFAC36","border_radius":{"unit":"px","top":"30","right":"30","bottom":"30","left":"30","isLinked":true},"border_radius_mobile":{"unit":"px","top":"7","right":"7","bottom":"7","left":"7","isLinked":true}},"elements":[{"id":"c23a98f","settings":{"_column_size":100,"_inline_size":null},"elements":[{"id":"49963de1","settings":{"title":"TUDO PRONTO!","align":"center","title_color":"#FF9207","typography_typography":"custom","typography_font_family":"Roboto","typography_font_size":{"unit":"px","size":29,"sizes":[]},"typography_font_weight":"600","_margin":{"unit":"px","top":"-4","right":"-4","bottom":"-4","left":"-4","isLinked":true}},"elements":[],"isInner":false,"widgetType":"heading","elType":"widget"},{"id":"5875545c","settings":{"title":"CLIQUE NO BOT\u00c3O ABAIXO PARA CONTINUAR ","align":"center","title_color":"#FFFFFF","typography_typography":"custom","typography_font_family":"Roboto","typography_font_size":{"unit":"px","size":17,"sizes":[]},"typography_font_weight":"600","_margin":{"unit":"px","top":"-3","right":"-3","bottom":"-3","left":"-3","isLinked":true},"typography_font_size_mobile":{"unit":"px","size":10,"sizes":[]}},"elements":[],"isInner":false,"widgetType":"heading","elType":"widget"},{"id":"7b04cda0","settings":{"text":"CONTINUAR","link":{"url":"https:\/\/cigarrozero.online\/","is_external":"","nofollow":"","custom_attributes":""},"align":"center","size":"lg","background_color":"#FFA300"},"elements":[],"isInner":false,"widgetType":"button","elType":"widget"}],"isInner":true,"elType":"column"}],"isInner":true,"elType":"section"},{"id":"123a632","settings":{"editor":"<p>\u00a9 2022 \u2013 Todos os direitos reservados. <br \/>Este site n\u00e3o faz parte nem \u00e9 endossado pelo Facebook. <br \/>Facebook \u00e9 uma marca comercial da Facebook, Inc.<\/p>","align_mobile":"center","typography_typography":"custom","typography_font_family":"Roboto","typography_font_size_mobile":{"unit":"px","size":12,"sizes":[]},"typography_font_weight":"400"},"elements":[],"isInner":false,"widgetType":"text-editor","elType":"widget"},{"id":"c00e62e","settings":{"space":{"unit":"px","size":438,"sizes":[]},"space_mobile":{"unit":"px","size":313,"sizes":[]}},"elements":[],"isInner":false,"widgetType":"spacer","elType":"widget"},{"id":"24ebe80d","settings":{"structure":"20"},"elements":[{"id":"25abf08e","settings":{"_column_size":50,"_inline_size":null},"elements":[{"id":"31f76a76","settings":{"title":"Pol\u00edtica de Privacidade","align_mobile":"center","title_color":"#1E1F20","typography_typography":"custom","typography_font_family":"Roboto","typography_font_size_mobile":{"unit":"px","size":12,"sizes":[]},"typography_font_weight":"600"},"elements":[],"isInner":false,"widgetType":"heading","elType":"widget"}],"isInner":true,"elType":"column"},{"id":"bb4aa08","settings":{"_column_size":50,"_inline_size":null},"elements":[{"id":"98ddf16","settings":{"title":"Termos de Uso","align_mobile":"center","title_color":"#222223","typography_typography":"custom","typography_font_family":"Roboto","typography_font_size_mobile":{"unit":"px","size":12,"sizes":[]},"typography_font_weight":"600"},"elements":[],"isInner":false,"widgetType":"heading","elType":"widget"}],"isInner":true,"elType":"column"}],"isInner":true,"elType":"section"}],"isInner":false,"elType":"column"}],"isInner":false,"elType":"section"}],"page_settings":[],"version":"0.4","title":"PSSEMIMAGEM","type":"page"}