{"content":[{"id":"5e53197c","settings":{"background_background":"classic","background_image":{"url":"https:\/\/cigarrozero.online\/wp-content\/uploads\/2022\/03\/pexels-\u0430\u043b\u0435\u043a\u043a\u0435-\u0431\u043b\u0430\u0436\u0438\u043d-8344333-scaled.jpg","id":188,"alt":"","source":"library"},"background_position":"center center","background_size_mobile":"cover"},"elements":[{"id":"140cdd3","settings":{"_column_size":100,"_inline_size":null},"elements":[{"id":"1d6fb0c9","settings":{"space":{"unit":"px","size":306,"sizes":[]},"space_mobile":{"unit":"px","size":147,"sizes":[]}},"elements":[],"isInner":false,"widgetType":"spacer","elType":"widget"},{"id":"301378fd","settings":{"background_background":"classic","background_color":"#FFFFFF","border_border":"solid","border_color":"#0D8802","border_radius":{"unit":"px","top":"30","right":"30","bottom":"30","left":"30","isLinked":true}},"elements":[{"id":"1eb58cc","settings":{"_column_size":100,"_inline_size":null},"elements":[{"id":"6b3a0683","settings":{"title":"TUDO PRONTO!","align":"center","title_color":"#008706","typography_typography":"custom","typography_font_family":"Roboto","typography_font_size":{"unit":"px","size":29,"sizes":[]},"typography_font_weight":"600","_margin":{"unit":"px","top":"-4","right":"-4","bottom":"-4","left":"-4","isLinked":true}},"elements":[],"isInner":false,"widgetType":"heading","elType":"widget"},{"id":"18d1a06e","settings":{"title":"CLIQUE NO BOT\u00c3O ABAIXO PARA ASSISTIR \u00c0 APRESENTA\u00c7\u00c3O:","align":"center","title_color":"#101010","typography_typography":"custom","typography_font_family":"Roboto","typography_font_size":{"unit":"px","size":17,"sizes":[]},"typography_font_weight":"600","_margin":{"unit":"px","top":"-3","right":"-3","bottom":"-3","left":"-3","isLinked":true}},"elements":[],"isInner":false,"widgetType":"heading","elType":"widget"},{"id":"74ffa762","settings":{"text":"CONTINUAR","link":{"url":"https:\/\/cigarrozero.online\/","is_external":"","nofollow":"","custom_attributes":""},"align":"center","size":"lg"},"elements":[],"isInner":false,"widgetType":"button","elType":"widget"}],"isInner":true,"elType":"column"}],"isInner":true,"elType":"section"},{"id":"5d9109c4","settings":{"editor":"<p><strong>\u00a9 2022 \u2013 Todos os direitos reservados. <\/strong><br \/><strong>Este site n\u00e3o faz parte nem \u00e9 endossado pelo Facebook. <\/strong><br \/><strong>Facebook \u00e9 uma marca comercial da Facebook, Inc.<\/strong><\/p>","align":"center","text_color":"#FFFFFF","typography_typography":"custom","typography_font_family":"Roboto","typography_font_size":{"unit":"px","size":15,"sizes":[]},"typography_font_size_mobile":{"unit":"px","size":12,"sizes":[]},"typography_font_weight":"400"},"elements":[],"isInner":false,"widgetType":"text-editor","elType":"widget"},{"id":"6d79d126","settings":{"space":{"unit":"px","size":438,"sizes":[]},"space_mobile":{"unit":"px","size":313,"sizes":[]}},"elements":[],"isInner":false,"widgetType":"spacer","elType":"widget"},{"id":"7b7a62b2","settings":{"title":"Pol\u00edtica de Privacidade e Termos de Uso","link":{"url":"cigarrozero.online\/politicas","is_external":"","nofollow":"","custom_attributes":""},"align":"center","title_color":"#FFFFFF","typography_typography":"custom","typography_font_family":"Roboto","typography_font_size":{"unit":"px","size":12,"sizes":[]},"typography_font_weight":"600"},"elements":[],"isInner":false,"widgetType":"heading","elType":"widget"}],"isInner":false,"elType":"column"}],"isInner":false,"elType":"section"}],"page_settings":[],"version":"0.4","title":"PS1COMIMAGEM","type":"page"}